{
  "akiec": 0.943066,
  "bcc": 0.599966,
  "bkl": 0.280603,
  "df": 2.681589,
  "mel": 0.277073,
  "nv": 0.045993,
  "vasc": 2.171709
}